address,address2,district,city_id,postal_code,phone,last_update
47,MySakila Drive,,Alberta,300,,2022-02-15 09:45:30+00
28,MySQL Boulevard,,QLD,576,,2022-02-15 09:45:30+00
23,Workhaven Lane,,Alberta,300,,2022-02-15 09:45:30+00
1411,Lillydale Drive,,QLD,576,,2022-02-15 09:45:30+00
1913,Hanoi Way,,Nagasaki,463,35200,2022-02-15 09:45:30+00
1121,Loja Avenue,,California,449,17886,2022-02-15 09:45:30+00
692,Joliet Street,,Attika,38,83579,2022-02-15 09:45:30+00
1566,Inegl Manor,,Mandalay,349,53561,2022-02-15 09:45:30+00
53,Idfu Parkway,,Nantou,361,42399,2022-02-15 09:45:30+00
1795,Santiago de Compostela Way,,Texas,295,18743,2022-02-15 09:45:30+00
900,Santiago de Compostela Parkway,,Central Serbia,280,93896,2022-02-15 09:45:30+00
478,Joliet Way,,Hamilton,200,77948,2022-02-15 09:45:30+00
613,Korolev Drive,,Masqat,329,45844,2022-02-15 09:45:30+00
1531,Sal Drive,,Esfahan,162,53628,2022-02-15 09:45:30+00
1542,Tarlac Parkway,,Kanagawa,440,1027,2022-02-15 09:45:30+00
808,Bhopal Manor,,Haryana,582,10672,2022-02-15 09:45:30+00
270,Amroha Parkway,,Osmaniye,384,29610,2022-02-15 09:45:30+00
770,Bydgoszcz Avenue,,California,120,16266,2022-02-15 09:45:30+00
419,Iligan Lane,,Madhya Pradesh,76,72878,2022-02-15 09:45:30+00
360,Toulouse Parkway,,England,495,54308,2022-02-15 09:45:30+00
270,Toulon Boulevard,,Kalmykia,156,81766,2022-02-15 09:45:30+00
320,Brest Avenue,,Kaduna,252,43331,2022-02-15 09:45:30+00
1417,Lancaster Avenue,,Northern Cape,267,72192,2022-02-15 09:45:30+00
1688,Okara Way,,Nothwest Border Prov,327,21954,2022-02-15 09:45:30+00
262,A Corua (La Corua) Parkway,,Dhaka,525,34418,2022-02-15 09:45:30+00
28,Charlotte Amalie Street,,Rabat-Sal-Zammour-Z,443,37551,2022-02-15 09:45:30+00
1780,Hino Boulevard,,Liepaja,303,7716,2022-02-15 09:45:30+00
96,Tafuna Way,,Crdoba,128,99865,2022-02-15 09:45:30+00
934,San Felipe de Puerto Plata Street,,Sind,472,99780,2022-02-15 09:45:30+00
18,Duisburg Boulevard,,,121,58327,2022-02-15 09:45:30+00
217,Botshabelo Place,,Southern Mindanao,138,49521,2022-02-15 09:45:30+00
1425,Shikarpur Manor,,Bihar,346,65599,2022-02-15 09:45:30+00
786,Aurora Avenue,,Yamaguchi,474,65750,2022-02-15 09:45:30+00
1668,Anpolis Street,,Taipei,316,50199,2022-02-15 09:45:30+00
33,Gorontalo Way,,West Bengali,257,30348,2022-02-15 09:45:30+00
176,Mandaluyong Place,,Uttar Pradesh,239,65213,2022-02-15 09:45:30+00
127,Purnea (Purnia) Manor,,Piemonte,17,79388,2022-02-15 09:45:30+00
61,Tama Street,,Okayama,284,94065,2022-02-15 09:45:30+00
391,Callao Drive,,Midi-Pyrnes,544,34021,2022-02-15 09:45:30+00
334,Munger (Monghyr) Lane,,Markazi,31,38145,2022-02-15 09:45:30+00
1440,Fukuyama Loop,,Henan,362,47929,2022-02-15 09:45:30+00
269,Cam Ranh Parkway,,Chisinau,115,34689,2022-02-15 09:45:30+00
306,Antofagasta Place,,Esprito Santo,569,3989,2022-02-15 09:45:30+00
671,Graz Street,,Oriental,353,94399,2022-02-15 09:45:30+00
42,Brindisi Place,,Yerevan,586,16744,2022-02-15 09:45:30+00
1632,Bislig Avenue,,Nonthaburi,394,61117,2022-02-15 09:45:30+00
1447,Imus Way,,Tahiti,167,48942,2022-02-15 09:45:30+00
1998,Halifax Drive,,Lipetsk,308,76022,2022-02-15 09:45:30+00
1718,Valencia Street,,Antofagasta,27,37359,2022-02-15 09:45:30+00
46,Pjatigorsk Lane,,Moscow (City),343,23616,2022-02-15 09:45:30+00
686,Garland Manor,,Cear,247,52535,2022-02-15 09:45:30+00
909,Garland Manor,,Tatarstan,367,69367,2022-02-15 09:45:30+00
725,Isesaki Place,,Mekka,237,74428,2022-02-15 09:45:30+00
115,Hidalgo Parkway,,Khartum,379,80168,2022-02-15 09:45:30+00
1135,Izumisano Parkway,,California,171,48150,2022-02-15 09:45:30+00
939,Probolinggo Loop,,Galicia,1,4166,2022-02-15 09:45:30+00
17,Kabul Boulevard,,Chiba,355,38594,2022-02-15 09:45:30+00
1964,Allappuzha (Alleppey) Street,,Yamaguchi,227,48980,2022-02-15 09:45:30+00
1697,Kowloon and New Kowloon Loop,,Moskova,49,57807,2022-02-15 09:45:30+00
1668,Saint Louis Place,,Tahiti,397,39072,2022-02-15 09:45:30+00
943,Tokat Street,,Vaduz,560,45428,2022-02-15 09:45:30+00
1114,Liepaja Street,,Sarawak,282,69226,2022-02-15 09:45:30+00
1213,Ranchi Parkway,,Karnataka,350,94352,2022-02-15 09:45:30+00
81,Hodeida Way,,Rajasthan,231,55561,2022-02-15 09:45:30+00
915,Ponce Place,,Basel-Stadt,56,83980,2022-02-15 09:45:30+00
1717,Guadalajara Lane,,Missouri,441,85505,2022-02-15 09:45:30+00
1214,Hanoi Way,,Nebraska,306,67055,2022-02-15 09:45:30+00
1966,Amroha Avenue,,Sichuan,139,70385,2022-02-15 09:45:30+00
698,Otsu Street,,Cayenne,105,71110,2022-02-15 09:45:30+00
1150,Kimchon Manor,,Skne ln,321,96109,2022-02-15 09:45:30+00
1586,Guaruj Place,,Hunan,579,5135,2022-02-15 09:45:30+00
57,Arlington Manor,,Madhya Pradesh,475,48960,2022-02-15 09:45:30+00
1031,Daugavpils Parkway,,Bchar,63,59025,2022-02-15 09:45:30+00
1124,Buenaventura Drive,,Mekka,13,6856,2022-02-15 09:45:30+00
492,Cam Ranh Street,,Eastern Visayas,61,50805,2022-02-15 09:45:30+00
89,Allappuzha (Alleppey) Manor,,National Capital Reg,517,75444,2022-02-15 09:45:30+00
1947,Poos de Caldas Boulevard,,Chiayi,114,60951,2022-02-15 09:45:30+00
1206,Dos Quebradas Place,,So Paulo,431,20207,2022-02-15 09:45:30+00
1551,Rampur Lane,,Changhwa,108,72394,2022-02-15 09:45:30+00
602,Paarl Street,,Pavlodar,402,98889,2022-02-15 09:45:30+00
1692,Ede Loop,,So Paulo,30,9223,2022-02-15 09:45:30+00
936,Salzburg Lane,,Uttar Pradesh,425,96709,2022-02-15 09:45:30+00
586,Tete Way,,Kanagawa,256,1079,2022-02-15 09:45:30+00
1888,Kabul Drive,,Oyo & Osun,217,20936,2022-02-15 09:45:30+00
320,Baiyin Parkway,,Mahajanga,319,37307,2022-02-15 09:45:30+00
927,Baha Blanca Parkway,,Krim,479,9495,2022-02-15 09:45:30+00
929,Tallahassee Loop,,Gauteng,497,74671,2022-02-15 09:45:30+00
125,Citt del Vaticano Boulevard,,Puebla,40,67912,2022-02-15 09:45:30+00
1557,Ktahya Boulevard,,England,88,88002,2022-02-15 09:45:30+00
870,Ashqelon Loop,,Songkhla,489,84931,2022-02-15 09:45:30+00
1740,Portoviejo Avenue,,Sucre,480,29932,2022-02-15 09:45:30+00
1942,Ciparay Parkway,,Cheju,113,82624,2022-02-15 09:45:30+00
1926,El Alto Avenue,,Buenos Aires,289,75543,2022-02-15 09:45:30+00
1952,Chatsworth Drive,,Guangdong,332,25958,2022-02-15 09:45:30+00
1370,Le Mans Avenue,,Brunei and Muara,53,52163,2022-02-15 09:45:30+00
984,Effon-Alaiye Avenue,,Gois,183,17119,2022-02-15 09:45:30+00
832,Nakhon Sawan Manor,,Inner Mongolia,592,49021,2022-02-15 09:45:30+00
152,Kitwe Parkway,,Caraga,82,53182,2022-02-15 09:45:30+00
1697,Tanauan Lane,,Punjab,399,22870,2022-02-15 09:45:30+00
1308,Arecibo Way,,Georgia,41,30695,2022-02-15 09:45:30+00
1599,Plock Drive,,Tete,534,71986,2022-02-15 09:45:30+00
669,Firozabad Loop,,Abu Dhabi,12,92265,2022-02-15 09:45:30+00
588,Vila Velha Manor,,Kyongsangbuk,268,51540,2022-02-15 09:45:30+00
1913,Kamakura Place,,Lipetsk,238,97287,2022-02-15 09:45:30+00
733,Mandaluyong Place,,Asir,2,77459,2022-02-15 09:45:30+00
659,Vaduz Drive,,Ha Darom,34,49708,2022-02-15 09:45:30+00
1177,Jelets Way,,Kwara & Kogi,220,3305,2022-02-15 09:45:30+00
1386,Yangor Avenue,,Provence-Alpes-Cte,543,80720,2022-02-15 09:45:30+00
454,Nakhon Sawan Boulevard,,Funafuti,173,76383,2022-02-15 09:45:30+00
1867,San Juan Bautista Tuxtepec Avenue,,Ivanovo,225,78311,2022-02-15 09:45:30+00
1532,Dzerzinsk Way,,Buenos Aires,334,9599,2022-02-15 09:45:30+00
1002,Ahmadnagar Manor,,Mxico,213,93026,2022-02-15 09:45:30+00
682,Junan Way,,North West,273,30418,2022-02-15 09:45:30+00
804,Elista Drive,,Hubei,159,61069,2022-02-15 09:45:30+00
1378,Alvorada Avenue,,Distrito Federal,102,75834,2022-02-15 09:45:30+00
793,Cam Ranh Avenue,,California,292,87057,2022-02-15 09:45:30+00
1079,Tel Aviv-Jaffa Boulevard,,Sucre,132,10885,2022-02-15 09:45:30+00
442,Rae Bareli Place,,Nordrhein-Westfalen,148,24321,2022-02-15 09:45:30+00
1107,Nakhon Sawan Avenue,,Mxico,365,75149,2022-02-15 09:45:30+00
544,Malm Parkway,,Central Java,403,63502,2022-02-15 09:45:30+00
1967,Sincelejo Place,,Gujarat,176,73644,2022-02-15 09:45:30+00
333,Goinia Way,,Texas,185,78625,2022-02-15 09:45:30+00
1987,Coacalco de Berriozbal Loop,,al-Qalyubiya,476,96065,2022-02-15 09:45:30+00
241,Mosul Lane,,Risaralda,147,76157,2022-02-15 09:45:30+00
211,Chiayi Drive,,Uttar Pradesh,164,58186,2022-02-15 09:45:30+00
1175,Tanauan Way,,Lima,305,64615,2022-02-15 09:45:30+00
117,Boa Vista Way,,Uttar Pradesh,566,6804,2022-02-15 09:45:30+00
848,Tafuna Manor,,Ktahya,281,45142,2022-02-15 09:45:30+00
569,Baicheng Lane,,Gauteng,85,60304,2022-02-15 09:45:30+00
1666,Qomsheh Drive,,So Paulo,410,66255,2022-02-15 09:45:30+00
801,Hagonoy Drive,,Smolensk,484,8439,2022-02-15 09:45:30+00
1050,Garden Grove Avenue,,Slaskie,236,4999,2022-02-15 09:45:30+00
1854,Tieli Street,,Shandong,302,15819,2022-02-15 09:45:30+00
758,Junan Lane,,Gois,190,82639,2022-02-15 09:45:30+00
1752,So Leopoldo Parkway,,Taka-Karpatia,345,14014,2022-02-15 09:45:30+00
898,Belm Manor,,Free State,87,49757,2022-02-15 09:45:30+00
261,Saint Louis Way,,Coahuila de Zaragoza,541,83401,2022-02-15 09:45:30+00
765,Southampton Drive,,al-Qalyubiya,421,4285,2022-02-15 09:45:30+00
943,Johannesburg Avenue,,Maharashtra,417,5892,2022-02-15 09:45:30+00
788,Atinsk Street,,Karnataka,211,81691,2022-02-15 09:45:30+00
1749,Daxian Place,,Gelderland,29,11044,2022-02-15 09:45:30+00
1587,Sullana Lane,,Inner Mongolia,207,85769,2022-02-15 09:45:30+00
1029,Dzerzinsk Manor,,Ynlin,542,57519,2022-02-15 09:45:30+00
1666,Beni-Mellal Place,,Tennessee,123,13377,2022-02-15 09:45:30+00
928,Jaffna Loop,,Hiroshima,172,93762,2022-02-15 09:45:30+00
483,Ljubertsy Parkway,,Scotland,149,60562,2022-02-15 09:45:30+00
374,Bat Yam Boulevard,,Kilis,266,97700,2022-02-15 09:45:30+00
1027,Songkhla Manor,,Minsk,340,30861,2022-02-15 09:45:30+00
999,Sanaa Loop,,Gauteng,491,3439,2022-02-15 09:45:30+00
879,Newcastle Way,,Michigan,499,90732,2022-02-15 09:45:30+00
1337,Lincoln Parkway,,Saitama,555,99457,2022-02-15 09:45:30+00
1952,Pune Lane,,Saint-Denis,442,92150,2022-02-15 09:45:30+00
782,Mosul Street,,Massachusetts,94,25545,2022-02-15 09:45:30+00
781,Shimonoseki Drive,,Michoacn de Ocampo,202,95444,2022-02-15 09:45:30+00
1560,Jelets Boulevard,,Shandong,291,77777,2022-02-15 09:45:30+00
1963,Moscow Place,,Assam,354,64863,2022-02-15 09:45:30+00
456,Escobar Way,,Jakarta Raya,232,36061,2022-02-15 09:45:30+00
798,Cianjur Avenue,,Shanxi,590,76990,2022-02-15 09:45:30+00
185,Novi Sad Place,,Bern,72,41778,2022-02-15 09:45:30+00
1367,Yantai Manor,,Ondo & Ekiti,381,21294,2022-02-15 09:45:30+00
1386,Nakhon Sawan Boulevard,,Pyongyang-si,420,53502,2022-02-15 09:45:30+00
369,Papeete Way,,North Carolina,187,66639,2022-02-15 09:45:30+00
1440,Compton Place,,North Austria,307,81037,2022-02-15 09:45:30+00
1623,Baha Blanca Manor,,Moskova,310,81511,2022-02-15 09:45:30+00
97,Shimoga Avenue,,Tel Aviv,533,44660,2022-02-15 09:45:30+00
1740,Le Mans Loop,,Pays de la Loire,297,22853,2022-02-15 09:45:30+00
1287,Xiangfan Boulevard,,Gifu,253,57844,2022-02-15 09:45:30+00
842,Salzburg Lane,,Adana,529,3313,2022-02-15 09:45:30+00
154,Tallahassee Loop,,Xinxiang,199,62250,2022-02-15 09:45:30+00
710,San Felipe del Progreso Avenue,,Lilongwe,304,76901,2022-02-15 09:45:30+00
1540,Wroclaw Drive,,Maharashtra,107,62686,2022-02-15 09:45:30+00
475,Atinsk Way,,Gansu,240,59571,2022-02-15 09:45:30+00
1294,Firozabad Drive,,Jiangxi,407,70618,2022-02-15 09:45:30+00
1877,Ezhou Lane,,Rajasthan,550,63337,2022-02-15 09:45:30+00
316,Uruapan Street,,Perak,223,58194,2022-02-15 09:45:30+00
29,Pyongyang Loop,,Batman,58,47753,2022-02-15 09:45:30+00
1010,Klerksdorp Way,,Steiermark,186,6802,2022-02-15 09:45:30+00
1848,Salala Boulevard,,Miranda,373,25220,2022-02-15 09:45:30+00
431,Xiangtan Avenue,,Kerala,18,4854,2022-02-15 09:45:30+00
757,Rustenburg Avenue,,Skikda,483,89668,2022-02-15 09:45:30+00
146,Johannesburg Way,,Tamaulipas,330,54132,2022-02-15 09:45:30+00
1891,Rizhao Boulevard,,So Paulo,456,47288,2022-02-15 09:45:30+00
1089,Iwatsuki Avenue,,Kirov,270,35109,2022-02-15 09:45:30+00
1410,Benin City Parkway,,Risaralda,405,29747,2022-02-15 09:45:30+00
682,Garden Grove Place,,Tennessee,333,67497,2022-02-15 09:45:30+00
533,al-Ayn Boulevard,,California,126,8862,2022-02-15 09:45:30+00
1839,Szkesfehrvr Parkway,,Gois,317,55709,2022-02-15 09:45:30+00
741,Ambattur Manor,,Noord-Brabant,438,43310,2022-02-15 09:45:30+00
927,Barcelona Street,,Chaharmahal va Bakht,467,65121,2022-02-15 09:45:30+00
435,0 Way,,West Bengali,195,74750,2022-02-15 09:45:30+00
140,Chiayi Parkway,,Sumy,506,38982,2022-02-15 09:45:30+00
1166,Changhwa Street,,Caraga,62,58852,2022-02-15 09:45:30+00
891,Novi Sad Manor,,Ontario,383,5379,2022-02-15 09:45:30+00
605,Rio Claro Parkway,,Tabora,513,49348,2022-02-15 09:45:30+00
1077,San Felipe de Puerto Plata Place,,Rostov-na-Donu,369,65387,2022-02-15 09:45:30+00
9,San Miguel de Tucumn Manor,,Uttar Pradesh,169,90845,2022-02-15 09:45:30+00
447,Surakarta Loop,,Nyanza,271,10428,2022-02-15 09:45:30+00
345,Oshawa Boulevard,,Tokyo-to,204,32114,2022-02-15 09:45:30+00
1792,Valle de la Pascua Place,,Nordrhein-Westfalen,477,15540,2022-02-15 09:45:30+00
1074,Binzhou Manor,,Baden-Wrttemberg,325,36490,2022-02-15 09:45:30+00
817,Bradford Loop,,Jiangsu,109,89459,2022-02-15 09:45:30+00
955,Bamenda Way,,Ondo & Ekiti,218,1545,2022-02-15 09:45:30+00
1149,A Corua (La Corua) Boulevard,,Haiphong,194,95824,2022-02-15 09:45:30+00
387,Mwene-Ditu Drive,,Ahal,35,8073,2022-02-15 09:45:30+00
68,Molodetno Manor,,Nordrhein-Westfalen,575,4662,2022-02-15 09:45:30+00
642,Nador Drive,,Maharashtra,77,3924,2022-02-15 09:45:30+00
1688,Nador Lane,,Sulawesi Utara,184,61613,2022-02-15 09:45:30+00
1215,Pyongyang Parkway,,Usak,557,25238,2022-02-15 09:45:30+00
1679,Antofagasta Street,,Alto Paran,122,86599,2022-02-15 09:45:30+00
1304,s-Hertogenbosch Way,,Santa Catarina,83,10925,2022-02-15 09:45:30+00
850,Salala Loop,,Kitaa,371,10800,2022-02-15 09:45:30+00
624,Oshawa Boulevard,,West Bengali,51,89959,2022-02-15 09:45:30+00
43,Dadu Avenue,,Rajasthan,74,4855,2022-02-15 09:45:30+00
751,Lima Loop,,Aden,7,99405,2022-02-15 09:45:30+00
1333,Haldia Street,,Jilin,174,82161,2022-02-15 09:45:30+00
660,Jedda Boulevard,,Washington,65,25053,2022-02-15 09:45:30+00
1001,Miyakonojo Lane,,Taizz,518,67924,2022-02-15 09:45:30+00
226,Brest Manor,,California,508,2299,2022-02-15 09:45:30+00
1229,Valencia Parkway,,Haskovo,498,99124,2022-02-15 09:45:30+00
1201,Qomsheh Manor,,Gois,28,21464,2022-02-15 09:45:30+00
866,Shivapuri Manor,,Uttar Pradesh,448,22474,2022-02-15 09:45:30+00
1168,Najafabad Parkway,,Kabol,251,40301,2022-02-15 09:45:30+00
1244,Allappuzha (Alleppey) Place,,Buenos Aires,567,20657,2022-02-15 09:45:30+00
1842,Luzinia Boulevard,,Zanzibar West,593,94420,2022-02-15 09:45:30+00
1926,Gingoog Street,,Sisilia,511,22824,2022-02-15 09:45:30+00
810,Palghat (Palakkad) Boulevard,,Jaroslavl,235,73431,2022-02-15 09:45:30+00
1820,Maring Parkway,,Punjab,324,88307,2022-02-15 09:45:30+00
60,Poos de Caldas Street,,Rajasthan,243,82338,2022-02-15 09:45:30+00
1014,Loja Manor,,Tamil Nadu,22,66851,2022-02-15 09:45:30+00
201,Effon-Alaiye Way,,Asuncin,37,64344,2022-02-15 09:45:30+00
430,Alessandria Loop,,Saarland,439,47446,2022-02-15 09:45:30+00
754,Valencia Place,,Phnom Penh,406,87911,2022-02-15 09:45:30+00
356,Olomouc Manor,,Gois,26,93323,2022-02-15 09:45:30+00
1256,Bislig Boulevard,,Botosani,86,50598,2022-02-15 09:45:30+00
954,Kimchon Place,,West Bengali,559,42420,2022-02-15 09:45:30+00
885,Yingkou Manor,,Kaduna,596,31390,2022-02-15 09:45:30+00
1736,Cavite Place,,Qina,216,98775,2022-02-15 09:45:30+00
346,Skikda Parkway,,Hawalli,233,90628,2022-02-15 09:45:30+00
98,Stara Zagora Boulevard,,Valle,96,76448,2022-02-15 09:45:30+00
1479,Rustenburg Boulevard,,Southern Tagalog,527,18727,2022-02-15 09:45:30+00
647,A Corua (La Corua) Street,,Chollanam,357,36971,2022-02-15 09:45:30+00
1964,Gijn Manor,,Karnataka,473,14408,2022-02-15 09:45:30+00
47,Syktyvkar Lane,,West Java,118,22236,2022-02-15 09:45:30+00
1148,Saarbrcken Parkway,,Fukushima,226,1921,2022-02-15 09:45:30+00
1103,Bilbays Parkway,,Hubei,578,87660,2022-02-15 09:45:30+00
1246,Boksburg Parkway,,Hebei,422,28349,2022-02-15 09:45:30+00
1483,Pathankot Street,,Tucumn,454,37288,2022-02-15 09:45:30+00
582,Papeete Loop,,Central Visayas,294,27722,2022-02-15 09:45:30+00
300,Junan Street,,Kyonggi,553,81314,2022-02-15 09:45:30+00
829,Grand Prairie Way,,Paran,328,6461,2022-02-15 09:45:30+00
1473,Changhwa Parkway,,Mxico,124,75933,2022-02-15 09:45:30+00
1309,Weifang Street,,Florida,520,57338,2022-02-15 09:45:30+00
1760,Oshawa Manor,,Tianjin,535,38140,2022-02-15 09:45:30+00
786,Stara Zagora Way,,Oyo & Osun,390,98332,2022-02-15 09:45:30+00
1966,Tonghae Street,,Anhalt Sachsen,198,36481,2022-02-15 09:45:30+00
1497,Yuzhou Drive,,England,312,3433,2022-02-15 09:45:30+00
752,Ondo Loop,,Miyazaki,338,32474,2022-02-15 09:45:30+00
1338,Zalantun Lane,,Minas Gerais,413,45403,2022-02-15 09:45:30+00
127,Iwakuni Boulevard,,Central Luzon,192,20777,2022-02-15 09:45:30+00
51,Laredo Avenue,,Sagaing,342,68146,2022-02-15 09:45:30+00
771,Yaound Manor,,Sofala,64,86768,2022-02-15 09:45:30+00
532,Toulon Street,,Santiago,460,69517,2022-02-15 09:45:30+00
1027,Banjul Place,,West Bengali,197,50390,2022-02-15 09:45:30+00
1158,Mandi Bahauddin Parkway,,Shanxi,136,98484,2022-02-15 09:45:30+00
862,Xintai Lane,,Cagayan Valley,548,30065,2022-02-15 09:45:30+00
816,Cayenne Parkway,,Manab,414,93629,2022-02-15 09:45:30+00
1831,Nam Dinh Loop,,National Capital Reg,323,51990,2022-02-15 09:45:30+00
446,Kirovo-Tepetsk Lane,,Osaka,203,19428,2022-02-15 09:45:30+00
682,Halisahar Place,,Severn Morava,378,20536,2022-02-15 09:45:30+00
1587,Loja Manor,,Salzburg,447,5410,2022-02-15 09:45:30+00
1762,Paarl Parkway,,Hunan,298,53928,2022-02-15 09:45:30+00
1519,Ilorin Place,,Kerala,395,49298,2022-02-15 09:45:30+00
920,Kumbakonam Loop,,California,446,75090,2022-02-15 09:45:30+00
906,Goinia Way,,Wielkopolskie,255,83565,2022-02-15 09:45:30+00
1675,Xiangfan Manor,,Tamil Nadu,283,11763,2022-02-15 09:45:30+00
85,San Felipe de Puerto Plata Drive,,Shandong,584,46063,2022-02-15 09:45:30+00
144,South Hill Loop,,Guanajuato,445,2012,2022-02-15 09:45:30+00
1884,Shikarpur Avenue,,Haryana,263,85548,2022-02-15 09:45:30+00
1980,Kamjanets-Podilskyi Street,,Illinois,404,89502,2022-02-15 09:45:30+00
1944,Bamenda Way,,Michigan,573,24645,2022-02-15 09:45:30+00
556,Baybay Manor,,Oyo & Osun,374,55802,2022-02-15 09:45:30+00
457,Tongliao Loop,,Bursa,222,56254,2022-02-15 09:45:30+00
600,Bradford Street,,East Azerbaidzan,514,96204,2022-02-15 09:45:30+00
1006,Santa Brbara dOeste Manor,,Ondo & Ekiti,389,36229,2022-02-15 09:45:30+00
1308,Sumy Loop,,Fujian,175,30657,2022-02-15 09:45:30+00
1405,Chisinau Place,,Ponce,411,8160,2022-02-15 09:45:30+00
226,Halifax Street,,Xinxiang,277,58492,2022-02-15 09:45:30+00
1279,Udine Parkway,,Edo & Delta,69,75860,2022-02-15 09:45:30+00
1336,Benin City Drive,,Shiga,386,46044,2022-02-15 09:45:30+00
1155,Liaocheng Place,,Oyo & Osun,152,22650,2022-02-15 09:45:30+00
1993,Tabuk Lane,,Tamil Nadu,522,64221,2022-02-15 09:45:30+00
86,Higashiosaka Lane,,Guanajuato,563,33768,2022-02-15 09:45:30+00
1912,Allende Manor,,Kowloon and New Kowl,279,58124,2022-02-15 09:45:30+00
544,Tarsus Boulevard,,Gurico,562,53145,2022-02-15 09:45:30+00
1936,Cuman Avenue,,Virginia,433,61195,2022-02-15 09:45:30+00
1192,Tongliao Street,,Sharja,470,19065,2022-02-15 09:45:30+00
44,Najafabad Way,,Baskimaa,146,61391,2022-02-15 09:45:30+00
32,Pudukkottai Lane,,Ohio,140,38834,2022-02-15 09:45:30+00
661,Chisinau Lane,,Pietari,274,8856,2022-02-15 09:45:30+00
951,Stara Zagora Manor,,Punjab,400,98573,2022-02-15 09:45:30+00
922,Vila Velha Loop,,Maharashtra,9,4085,2022-02-15 09:45:30+00
898,Jining Lane,,Pohjois-Pohjanmaa,387,40070,2022-02-15 09:45:30+00
1635,Kuwana Boulevard,,Hiroshima,205,52137,2022-02-15 09:45:30+00
41,El Alto Parkway,,Maharashtra,398,56883,2022-02-15 09:45:30+00
1883,Maikop Lane,,Kaliningrad,254,68469,2022-02-15 09:45:30+00
1908,Gaziantep Place,,Liaoning,536,58979,2022-02-15 09:45:30+00
687,Alessandria Parkway,,Sanaa,455,57587,2022-02-15 09:45:30+00
827,Yuncheng Drive,,Callao,99,79047,2022-02-15 09:45:30+00
913,Coacalco de Berriozbal Loop,,Texas,33,42141,2022-02-15 09:45:30+00
715,So Bernardo do Campo Lane,,Kedah,507,84804,2022-02-15 09:45:30+00
1354,Siegen Street,,Rio de Janeiro,25,80184,2022-02-15 09:45:30+00
1191,Sungai Petani Boulevard,,Missouri,262,9668,2022-02-15 09:45:30+00
1224,Huejutla de Reyes Boulevard,,Lombardia,91,70923,2022-02-15 09:45:30+00
543,Bergamo Avenue,,Minas Gerais,215,59686,2022-02-15 09:45:30+00
746,Joliet Lane,,Kursk,286,94878,2022-02-15 09:45:30+00
780,Kimberley Way,,Tabuk,515,17032,2022-02-15 09:45:30+00
1774,Yaound Place,,Hubei,166,91400,2022-02-15 09:45:30+00
1957,Yantai Lane,,So Paulo,490,59255,2022-02-15 09:45:30+00
1542,Lubumbashi Boulevard,,Tel Aviv,57,62472,2022-02-15 09:45:30+00
651,Pathankot Loop,,Maharashtra,336,59811,2022-02-15 09:45:30+00
1359,Zhoushan Parkway,,Streymoyar,545,29763,2022-02-15 09:45:30+00
1769,Iwaki Lane,,Kujawsko-Pomorskie,97,25787,2022-02-15 09:45:30+00
1145,Vilnius Manor,,Mxico,451,73170,2022-02-15 09:45:30+00
1892,Nabereznyje Telny Lane,,Tutuila,516,28396,2022-02-15 09:45:30+00
470,Boksburg Street,,Central,81,97960,2022-02-15 09:45:30+00
1427,A Corua (La Corua) Place,,Buenos Aires,45,85799,2022-02-15 09:45:30+00
479,San Felipe del Progreso Avenue,,Morelos,130,54949,2022-02-15 09:45:30+00
867,Benin City Avenue,,Henan,591,78543,2022-02-15 09:45:30+00
981,Kumbakonam Place,,Distrito Federal,89,87611,2022-02-15 09:45:30+00
1016,Iwakuni Street,,St George,269,49833,2022-02-15 09:45:30+00
663,Baha Blanca Parkway,,Adana,5,33463,2022-02-15 09:45:30+00
1860,Taguig Loop,,West Java,119,59550,2022-02-15 09:45:30+00
1816,Bydgoszcz Loop,,Dhaka,234,64308,2022-02-15 09:45:30+00
587,Benguela Manor,,Illinois,42,91590,2022-02-15 09:45:30+00
430,Kumbakonam Drive,,Santa F,457,28814,2022-02-15 09:45:30+00
1838,Tabriz Lane,,Dhaka,143,1195,2022-02-15 09:45:30+00
431,Szkesfehrvr Avenue,,Baki,48,57828,2022-02-15 09:45:30+00
503,Sogamoso Loop,,Sumqayit,505,49812,2022-02-15 09:45:30+00
507,Smolensk Loop,,Sousse,492,22971,2022-02-15 09:45:30+00
1920,Weifang Avenue,,Uttar Pradesh,427,15643,2022-02-15 09:45:30+00
124,al-Manama Way,,Hiroshima,382,52368,2022-02-15 09:45:30+00
1443,Mardan Street,,Western Cape,392,31483,2022-02-15 09:45:30+00
1909,Benguela Lane,,Henan,581,19913,2022-02-15 09:45:30+00
68,Ponce Parkway,,Hanoi,201,85926,2022-02-15 09:45:30+00
1217,Konotop Avenue,,Gelderland,151,504,2022-02-15 09:45:30+00
1293,Nam Dinh Way,,Roraima,84,71583,2022-02-15 09:45:30+00
785,Vaduz Street,,Baja California,335,36170,2022-02-15 09:45:30+00
1516,Escobar Drive,,Tongatapu,370,46069,2022-02-15 09:45:30+00
1628,Nagareyama Lane,,Central,453,60079,2022-02-15 09:45:30+00
1157,Nyeri Loop,,Adygea,320,56380,2022-02-15 09:45:30+00
1673,Tangail Drive,,Daugavpils,137,26857,2022-02-15 09:45:30+00
381,Kabul Way,,Taipei,209,87272,2022-02-15 09:45:30+00
953,Hodeida Street,,Southern Tagalog,221,18841,2022-02-15 09:45:30+00
469,Nakhon Sawan Street,,Tuvassia,531,58866,2022-02-15 09:45:30+00
1378,Beira Loop,,Krasnojarsk,597,40792,2022-02-15 09:45:30+00
1641,Changhwa Place,,Nord-Ouest,52,37636,2022-02-15 09:45:30+00
1698,Southport Loop,,Hidalgo,393,49009,2022-02-15 09:45:30+00
519,Nyeri Manor,,So Paulo,461,37650,2022-02-15 09:45:30+00
619,Hunuco Avenue,,Shimane,331,81508,2022-02-15 09:45:30+00
45,Aparecida de Goinia Place,,Madhya Pradesh,464,7431,2022-02-15 09:45:30+00
482,Kowloon and New Kowloon Manor,,Bratislava,90,97056,2022-02-15 09:45:30+00
604,Bern Place,,Jharkhand,429,5373,2022-02-15 09:45:30+00
1623,Kingstown Drive,,Buenos Aires,20,91299,2022-02-15 09:45:30+00
1009,Zanzibar Lane,,Arecibo,32,64875,2022-02-15 09:45:30+00
114,Jalib al-Shuyukh Manor,,Centre,585,60440,2022-02-15 09:45:30+00
1163,London Parkway,,Par,66,6066,2022-02-15 09:45:30+00
1658,Jastrzebie-Zdrj Loop,,Central,372,96584,2022-02-15 09:45:30+00
817,Laredo Avenue,,Jalisco,188,77449,2022-02-15 09:45:30+00
1565,Tangail Manor,,Okinawa,377,45750,2022-02-15 09:45:30+00
1912,Emeishan Drive,,Balikesir,50,33050,2022-02-15 09:45:30+00
230,Urawa Drive,,Andhra Pradesh,8,2738,2022-02-15 09:45:30+00
1922,Miraj Way,,Esfahan,356,13203,2022-02-15 09:45:30+00
433,Florencia Street,,Chihuahua,250,91330,2022-02-15 09:45:30+00
1049,Matamoros Parkway,,Karnataka,191,69640,2022-02-15 09:45:30+00
1061,Ede Avenue,,Southern Tagalog,98,57810,2022-02-15 09:45:30+00
154,Oshawa Manor,,East Java,415,72771,2022-02-15 09:45:30+00
1191,Tandil Drive,,Southern Tagalog,523,6362,2022-02-15 09:45:30+00
1133,Rizhao Avenue,,Pernambuco,572,2800,2022-02-15 09:45:30+00
1519,Santiago de los Caballeros Loop,,East Kasai,348,22025,2022-02-15 09:45:30+00
1618,Olomouc Manor,,Kurgan,285,26385,2022-02-15 09:45:30+00
220,Hidalgo Drive,,Kermanshah,265,45298,2022-02-15 09:45:30+00
686,Donostia-San Sebastin Lane,,Guangdong,471,97390,2022-02-15 09:45:30+00
97,Mogiljov Lane,,Gujarat,73,89294,2022-02-15 09:45:30+00
1642,Charlotte Amalie Drive,,Slaskie,549,75442,2022-02-15 09:45:30+00
1368,Maracabo Boulevard,,,493,32716,2022-02-15 09:45:30+00
401,Sucre Boulevard,,New Hampshire,322,25007,2022-02-15 09:45:30+00
368,Hunuco Boulevard,,Namibe,360,17165,2022-02-15 09:45:30+00
500,Lincoln Parkway,,Jiangsu,210,95509,2022-02-15 09:45:30+00
102,Chapra Drive,,Ibaragi,521,14073,2022-02-15 09:45:30+00
1793,Meixian Place,,Hmelnytskyi,258,33535,2022-02-15 09:45:30+00
514,Ife Way,,Shaba,315,69973,2022-02-15 09:45:30+00
717,Changzhou Lane,,Southern Tagalog,104,21615,2022-02-15 09:45:30+00
753,Ilorin Avenue,,Sichuan,157,3656,2022-02-15 09:45:30+00
1337,Mit Ghamr Avenue,,Nakhon Sawan,358,29810,2022-02-15 09:45:30+00
767,Pyongyang Drive,,Osaka,229,83536,2022-02-15 09:45:30+00
614,Pak Kret Street,,Addis Abeba,6,27796,2022-02-15 09:45:30+00
954,Lapu-Lapu Way,,Moskova,278,8816,2022-02-15 09:45:30+00
331,Bydgoszcz Parkway,,Asturia,181,966,2022-02-15 09:45:30+00
1152,Citrus Heights Manor,,al-Qadarif,15,5239,2022-02-15 09:45:30+00
168,Cianjur Manor,,Saitama,228,73824,2022-02-15 09:45:30+00
616,Hagonoy Avenue,,Krasnojarsk,39,46043,2022-02-15 09:45:30+00
1190,0 Place,,Rio Grande do Sul,44,10417,2022-02-15 09:45:30+00
734,Bchar Place,,Punjab,375,30586,2022-02-15 09:45:30+00
530,Lausanne Lane,,Texas,135,11067,2022-02-15 09:45:30+00
454,Patiala Lane,,Fukushima,276,13496,2022-02-15 09:45:30+00
1346,Mysore Drive,,Bretagne,92,61507,2022-02-15 09:45:30+00
990,Etawah Loop,,Tamil Nadu,564,79940,2022-02-15 09:45:30+00
1266,Laredo Parkway,,Saitama,380,7664,2022-02-15 09:45:30+00
88,Nagaon Manor,,Buenos Aires,524,86868,2022-02-15 09:45:30+00
264,Bhimavaram Manor,,St Thomas,111,54749,2022-02-15 09:45:30+00
1639,Saarbrcken Drive,,North West,437,9827,2022-02-15 09:45:30+00
692,Amroha Drive,,Northern,230,35575,2022-02-15 09:45:30+00
1936,Lapu-Lapu Parkway,,Bauchi & Gombe,141,7122,2022-02-15 09:45:30+00
432,Garden Grove Street,,Ontario,430,65630,2022-02-15 09:45:30+00
1445,Carmen Parkway,,West Java,117,70809,2022-02-15 09:45:30+00
791,Salinas Street,,Punjab,208,40509,2022-02-15 09:45:30+00
126,Acua Parkway,,West Bengali,71,58888,2022-02-15 09:45:30+00
397,Sunnyvale Avenue,,Guanajuato,19,55566,2022-02-15 09:45:30+00
992,Klerksdorp Loop,,Utrecht,23,33711,2022-02-15 09:45:30+00
966,Arecibo Loop,,Sind,134,94018,2022-02-15 09:45:30+00
289,Santo Andr Manor,,al-Sharqiya,16,72410,2022-02-15 09:45:30+00
437,Chungho Drive,,Puerto Plata,450,59489,2022-02-15 09:45:30+00
1948,Bayugan Parkway,,Bihar,264,60622,2022-02-15 09:45:30+00
1866,al-Qatif Avenue,,California,155,89420,2022-02-15 09:45:30+00
1661,Abha Drive,,Tamil Nadu,416,14400,2022-02-15 09:45:30+00
1557,Cape Coral Parkway,,Hubei,293,46875,2022-02-15 09:45:30+00
1727,Matamoros Place,,Sawhaj,465,78813,2022-02-15 09:45:30+00
1269,Botosani Manor,,Guangdong,468,47394,2022-02-15 09:45:30+00
355,Vitria de Santo Anto Way,,Oaxaca,452,81758,2022-02-15 09:45:30+00
1596,Acua Parkway,,Jharkhand,418,70425,2022-02-15 09:45:30+00
259,Ipoh Drive,,So Paulo,189,64964,2022-02-15 09:45:30+00
1823,Hoshiarpur Lane,,Komi,510,33191,2022-02-15 09:45:30+00
1404,Taguig Drive,,Okayama,547,87212,2022-02-15 09:45:30+00
740,Udaipur Lane,,Nizni Novgorod,150,33505,2022-02-15 09:45:30+00
287,Cuautla Boulevard,,Chuquisaca,501,72736,2022-02-15 09:45:30+00
1766,Almirante Brown Street,,KwaZulu-Natal,364,63104,2022-02-15 09:45:30+00
596,Huixquilucan Place,,Nampula,351,65892,2022-02-15 09:45:30+00
1351,Aparecida de Goinia Parkway,,Northern Mindanao,391,41775,2022-02-15 09:45:30+00
722,Bradford Lane,,Shandong,249,90920,2022-02-15 09:45:30+00
983,Santa F Way,,British Colombia,565,47472,2022-02-15 09:45:30+00
1245,Ibirit Way,,La Romana,290,40926,2022-02-15 09:45:30+00
1836,Korla Parkway,,Copperbelt,272,55405,2022-02-15 09:45:30+00
231,Kaliningrad Place,,Lombardia,70,57833,2022-02-15 09:45:30+00
495,Bhimavaram Lane,,Maharashtra,144,3,2022-02-15 09:45:30+00
1924,Shimonoseki Drive,,Batna,59,52625,2022-02-15 09:45:30+00
105,Dzerzinsk Manor,,Inner Mongolia,540,48570,2022-02-15 09:45:30+00
614,Denizli Parkway,,Rio Grande do Sul,486,29444,2022-02-15 09:45:30+00
1289,Belm Boulevard,,Tartumaa,530,88306,2022-02-15 09:45:30+00
203,Tambaram Street,,Buenos Aires,161,73942,2022-02-15 09:45:30+00
1704,Tambaram Manor,,West Bengali,554,2834,2022-02-15 09:45:30+00
207,Cuernavaca Loop,,Tatarstan,352,52671,2022-02-15 09:45:30+00
319,Springs Loop,,Baijeri,160,99552,2022-02-15 09:45:30+00
956,Nam Dinh Manor,,Kerman,481,21872,2022-02-15 09:45:30+00
1947,Paarl Way,,Central Java,509,23636,2022-02-15 09:45:30+00
814,Simferopol Loop,,Sinaloa,154,48745,2022-02-15 09:45:30+00
535,Ahmadnagar Manor,,Abu Dhabi,3,41136,2022-02-15 09:45:30+00
138,Caracas Boulevard,,Zulia,326,16790,2022-02-15 09:45:30+00
251,Florencia Drive,,Michoacn de Ocampo,556,16119,2022-02-15 09:45:30+00
659,Gatineau Boulevard,,La Paz,153,28587,2022-02-15 09:45:30+00
1889,Valparai Way,,Ziguinchor,600,75559,2022-02-15 09:45:30+00
1485,Bratislava Place,,Illinois,435,83183,2022-02-15 09:45:30+00
935,Aden Boulevard,,Central Java,532,64709,2022-02-15 09:45:30+00
76,Kermanshah Manor,,Esfahan,423,23343,2022-02-15 09:45:30+00
734,Tanshui Avenue,,Caquet,170,70664,2022-02-15 09:45:30+00
118,Jaffna Loop,,Northern Mindanao,182,10447,2022-02-15 09:45:30+00
1621,Tongliao Avenue,,Irkutsk,558,22173,2022-02-15 09:45:30+00
1844,Usak Avenue,,Nova Scotia,196,84461,2022-02-15 09:45:30+00
1872,Toulon Loop,,OHiggins,428,7939,2022-02-15 09:45:30+00
1088,Ibirit Place,,Jalisco,595,88502,2022-02-15 09:45:30+00
1322,Mosul Parkway,,Shandong,145,95400,2022-02-15 09:45:30+00
1447,Chatsworth Place,,Chihuahua,129,41545,2022-02-15 09:45:30+00
1257,Guadalajara Street,,Karnataka,78,33599,2022-02-15 09:45:30+00
1469,Plock Lane,,Galicia,388,95835,2022-02-15 09:45:30+00
434,Ourense (Orense) Manor,,Hodeida,206,14122,2022-02-15 09:45:30+00
270,Tambaram Parkway,,Gauteng,244,9668,2022-02-15 09:45:30+00
1786,Salinas Place,,Nam Ha,359,66546,2022-02-15 09:45:30+00
1078,Stara Zagora Drive,,Aceh,301,69221,2022-02-15 09:45:30+00
1854,Okara Boulevard,,Drenthe,158,42123,2022-02-15 09:45:30+00
421,Yaound Street,,Sumy,385,11363,2022-02-15 09:45:30+00
1153,Allende Way,,Qubec,179,20336,2022-02-15 09:45:30+00
808,Naala-Porto Parkway,,England,500,41060,2022-02-15 09:45:30+00
632,Usolje-Sibirskoje Parkway,,Ha Darom,36,73085,2022-02-15 09:45:30+00
98,Pyongyang Boulevard,,Ohio,11,88749,2022-02-15 09:45:30+00
984,Novoterkassk Loop,,Gaziantep,180,28165,2022-02-15 09:45:30+00
64,Korla Street,,Mwanza,347,25145,2022-02-15 09:45:30+00
1785,So Bernardo do Campo Street,,Veracruz,125,71182,2022-02-15 09:45:30+00
698,Jelets Boulevard,,Denizli,142,2596,2022-02-15 09:45:30+00
1297,Alvorada Parkway,,Ningxia,587,11839,2022-02-15 09:45:30+00
1909,Dayton Avenue,,Guangdong,469,88513,2022-02-15 09:45:30+00
1789,Saint-Denis Parkway,,Coahuila de Zaragoza,4,8268,2022-02-15 09:45:30+00
185,Mannheim Lane,,Stavropol,408,23661,2022-02-15 09:45:30+00
184,Mandaluyong Street,,Baja California Sur,288,94239,2022-02-15 09:45:30+00
591,Sungai Petani Drive,,Okayama,376,46400,2022-02-15 09:45:30+00
656,Matamoros Drive,,Boyac,487,19489,2022-02-15 09:45:30+00
775,ostka Drive,,al-Daqahliya,337,22358,2022-02-15 09:45:30+00
1013,Tabuk Boulevard,,West Bengali,261,96203,2022-02-15 09:45:30+00
319,Plock Parkway,,Istanbul,504,26101,2022-02-15 09:45:30+00
1954,Kowloon and New Kowloon Way,,Chimborazo,434,63667,2022-02-15 09:45:30+00
362,Rajkot Lane,,Gansu,47,98030,2022-02-15 09:45:30+00
1060,Tandil Lane,,Shandong,432,72349,2022-02-15 09:45:30+00
1515,Korla Way,,England,589,57197,2022-02-15 09:45:30+00
1416,San Juan Bautista Tuxtepec Avenue,,Zufar,444,50592,2022-02-15 09:45:30+00
1,Valle de Santiago Avenue,,Apulia,93,86208,2022-02-15 09:45:30+00
519,Brescia Parkway,,East Java,318,69504,2022-02-15 09:45:30+00
414,Mandaluyong Street,,Lubelskie,314,16370,2022-02-15 09:45:30+00
1197,Sokoto Boulevard,,West Bengali,478,87687,2022-02-15 09:45:30+00
496,Celaya Drive,,Nagano,552,90797,2022-02-15 09:45:30+00
786,Matsue Way,,Illinois,245,37469,2022-02-15 09:45:30+00
48,Maracabo Place,,Central Luzon,519,1570,2022-02-15 09:45:30+00
1152,al-Qatif Lane,,Kalimantan Barat,412,44816,2022-02-15 09:45:30+00
1269,Ipoh Avenue,,Eskisehir,163,54674,2022-02-15 09:45:30+00
758,Korolev Parkway,,Andhra Pradesh,568,75474,2022-02-15 09:45:30+00
1747,Rustenburg Place,,Bihar,110,51369,2022-02-15 09:45:30+00
886,Tonghae Place,,Volgograd,259,19450,2022-02-15 09:45:30+00
1574,Goinia Boulevard,,Heilongjiang,502,39529,2022-02-15 09:45:30+00
548,Uruapan Street,,Ontario,312,35653,2022-02-15 09:45:30+00
962,Tama Loop,,,583,65952,2022-02-15 09:45:30+00
1778,Gijn Manor,,Hubei,594,35156,2022-02-15 09:45:30+00
568,Dhule (Dhulia) Loop,,Coquimbo,127,92568,2022-02-15 09:45:30+00
1768,Udine Loop,,Battambang,60,32347,2022-02-15 09:45:30+00
608,Birgunj Parkway,,Taipei,116,400,2022-02-15 09:45:30+00
680,A Corua (La Corua) Manor,,Sivas,482,49806,2022-02-15 09:45:30+00
1949,Sanya Street,,Gumma,224,61244,2022-02-15 09:45:30+00
617,Klerksdorp Place,,Khanh Hoa,366,94707,2022-02-15 09:45:30+00
1993,0 Loop,,Liaoning,588,41214,2022-02-15 09:45:30+00
1176,Southend-on-Sea Manor,,Southern Tagalog,458,81651,2022-02-15 09:45:30+00
600,Purnea (Purnia) Avenue,,Nghe An,571,18043,2022-02-15 09:45:30+00
1003,Qinhuangdao Street,,West Java,419,25972,2022-02-15 09:45:30+00
1986,Sivas Place,,Friuli-Venezia Giuli,551,95775,2022-02-15 09:45:30+00
1427,Tabuk Place,,Florida,101,31342,2022-02-15 09:45:30+00
556,Asuncin Way,,Mogiljov,339,35364,2022-02-15 09:45:30+00
486,Ondo Parkway,,Benguela,67,35202,2022-02-15 09:45:30+00
635,Brest Manor,,Andhra Pradesh,75,40899,2022-02-15 09:45:30+00
166,Jinchang Street,,Buenos Aires,165,86760,2022-02-15 09:45:30+00
958,Sagamihara Lane,,Mie,287,88408,2022-02-15 09:45:30+00
1817,Livorno Way,,Khanh Hoa,100,79401,2022-02-15 09:45:30+00
1332,Gaziantep Lane,,Shandong,80,22813,2022-02-15 09:45:30+00
949,Allende Lane,,Uttar Pradesh,24,67521,2022-02-15 09:45:30+00
195,Ilorin Street,,Chari-Baguirmi,363,49250,2022-02-15 09:45:30+00
193,Bhusawal Place,,Kang-won,539,9750,2022-02-15 09:45:30+00
43,Vilnius Manor,,Colorado,42,79814,2022-02-15 09:45:30+00
183,Haiphong Street,,Jilin,46,69953,2022-02-15 09:45:30+00
163,Augusta-Richmond County Loop,,Carabobo,561,33030,2022-02-15 09:45:30+00
191,Jos Azueta Parkway,,Ruse,436,13629,2022-02-15 09:45:30+00
379,Lublin Parkway,,Toscana,309,74568,2022-02-15 09:45:30+00
1658,Cuman Loop,,Sumatera Selatan,396,51309,2022-02-15 09:45:30+00
454,Qinhuangdao Drive,,Tadla-Azilal,68,25866,2022-02-15 09:45:30+00
1715,Okayama Street,,So Paulo,485,55676,2022-02-15 09:45:30+00
182,Nukualofa Drive,,Sumy,275,15414,2022-02-15 09:45:30+00
390,Wroclaw Way,,Hainan,462,5753,2022-02-15 09:45:30+00
1421,Quilmes Lane,,Ishikawa,260,19151,2022-02-15 09:45:30+00
947,Trshavn Place,,Central Luzon,528,841,2022-02-15 09:45:30+00
1764,Jalib al-Shuyukh Parkway,,Galicia,459,77642,2022-02-15 09:45:30+00
346,Cam Ranh Avenue,,Zhejiang,599,39976,2022-02-15 09:45:30+00
1407,Pachuca de Soto Place,,Rio Grande do Sul,21,26284,2022-02-15 09:45:30+00
904,Clarksville Drive,,Zhejiang,193,52234,2022-02-15 09:45:30+00
1917,Kumbakonam Parkway,,Vojvodina,368,11892,2022-02-15 09:45:30+00
1447,Imus Place,,Gujarat,426,12905,2022-02-15 09:45:30+00
1497,Fengshan Drive,,KwaZulu-Natal,112,63022,2022-02-15 09:45:30+00
869,Shikarpur Way,,England,496,57380,2022-02-15 09:45:30+00
1059,Yuncheng Avenue,,Vilna,570,47498,2022-02-15 09:45:30+00
505,Madiun Boulevard,,Dolnoslaskie,577,97271,2022-02-15 09:45:30+00
1741,Hoshiarpur Boulevard,,al-Sharqiya,79,22372,2022-02-15 09:45:30+00
1229,Varanasi (Benares) Manor,,Buenos Aires,43,40195,2022-02-15 09:45:30+00
1894,Boa Vista Way,,Texas,178,77464,2022-02-15 09:45:30+00
1342,Sharja Way,,Sokoto & Kebbi & Zam,488,93655,2022-02-15 09:45:30+00
1342,Abha Boulevard,,Bukarest,95,10714,2022-02-15 09:45:30+00
415,Pune Avenue,,Shandong,580,44274,2022-02-15 09:45:30+00
1746,Faaa Way,,Huanuco,214,32515,2022-02-15 09:45:30+00
539,Hami Way,,Tokat,538,52196,2022-02-15 09:45:30+00
1407,Surakarta Manor,,Moskova,466,33224,2022-02-15 09:45:30+00
502,Mandi Bahauddin Parkway,,Anzotegui,55,15992,2022-02-15 09:45:30+00
1052,Pathankot Avenue,,Sichuan,299,77397,2022-02-15 09:45:30+00
1351,Sousse Lane,,Coahuila de Zaragoza,341,37815,2022-02-15 09:45:30+00
1501,Pangkal Pinang Avenue,,Mazowieckie,409,943,2022-02-15 09:45:30+00
1405,Hagonoy Avenue,,Slaskie,133,86587,2022-02-15 09:45:30+00
521,San Juan Bautista Tuxtepec Place,,Qaraghandy,598,95093,2022-02-15 09:45:30+00
923,Tangail Boulevard,,Tokyo-to,10,33384,2022-02-15 09:45:30+00
186,Skikda Lane,,Morelos,131,89422,2022-02-15 09:45:30+00
1568,Celaya Parkway,,Kaohsiung,168,34750,2022-02-15 09:45:30+00
1489,Kakamigahara Lane,,Taipei,526,98883,2022-02-15 09:45:30+00
1819,Alessandria Loop,,Campeche,103,53829,2022-02-15 09:45:30+00
1208,Tama Loop,,Ninawa,344,73605,2022-02-15 09:45:30+00
951,Springs Lane,,Central Mindanao,219,96115,2022-02-15 09:45:30+00
760,Miyakonojo Drive,,Guerrero,246,64682,2022-02-15 09:45:30+00
966,Asuncin Way,,Hidalgo,212,62703,2022-02-15 09:45:30+00
1584,Ljubertsy Lane,,England,494,22954,2022-02-15 09:45:30+00
247,Jining Parkway,,Banjul,54,53446,2022-02-15 09:45:30+00
773,Dallas Manor,,Buenos Aires,424,12664,2022-02-15 09:45:30+00
1923,Stara Zagora Lane,,Nantou,546,95179,2022-02-15 09:45:30+00
1402,Zanzibar Boulevard,,Guanajuato,106,71102,2022-02-15 09:45:30+00
1464,Kursk Parkway,,Shandong,574,17381,2022-02-15 09:45:30+00
1074,Sanaa Parkway,,Loja,311,22474,2022-02-15 09:45:30+00
1759,Niznekamsk Avenue,,al-Manama,14,39414,2022-02-15 09:45:30+00
32,Liaocheng Way,,Minas Gerais,248,1944,2022-02-15 09:45:30+00
42,Fontana Avenue,,Fejr,512,14684,2022-02-15 09:45:30+00
1895,Zhezqazghan Drive,,California,177,36693,2022-02-15 09:45:30+00
1837,Kaduna Parkway,,Inner Mongolia,241,82580,2022-02-15 09:45:30+00
844,Bucuresti Place,,Liaoning,242,36603,2022-02-15 09:45:30+00
1101,Bucuresti Boulevard,,West Greece,401,97661,2022-02-15 09:45:30+00
1103,Quilmes Boulevard,,Piura,503,52137,2022-02-15 09:45:30+00
1331,Usak Boulevard,,Vaud,296,61960,2022-02-15 09:45:30+00
1325,Fukuyama Street,,Heilongjiang,537,27107,2022-02-15 09:45:30+00
